{"name":"b4abd22b-2346-4dfe-b7b8-be8a629d5f39","id":"/providers/Microsoft.Flow/flows/b4abd22b-2346-4dfe-b7b8-be8a629d5f39","type":"Microsoft.Flow/flows","properties":{"apiId":"/providers/Microsoft.PowerApps/apis/shared_logicflows","displayName":"Teams Provisioning Approval","definition":{"metadata":{"workflowEntityId":null,"processAdvisorMetadata":null,"flowclientsuspensionreason":"None","flowclientsuspensiontime":null,"flowclientsuspensionreasondetails":null,"creator":{"id":"300e7fae-b274-46c9-bea5-fbab8344bbea","type":"User","tenantId":"64a54bf1-8d0d-4741-a2ae-36eb0bfa4c58"},"provisioningMethod":"FromDefinition","failureAlertSubscription":true,"clientLastModifiedTime":"2023-03-27T22:52:35.2683916Z"},"$schema":"https://schema.management.azure.com/providers/Microsoft.Logic/schemas/2016-06-01/workflowdefinition.json#","contentVersion":"1.0.0.0","parameters":{"$connections":{"defaultValue":{},"type":"Object"},"$authentication":{"defaultValue":{},"type":"SecureObject"}},"triggers":{"manual":{"metadata":{"operationMetadataId":"4129a461-0342-4876-8641-9e8131b102bb"},"type":"Request","kind":"Http","inputs":{"schema":{"type":"object","properties":{"Approver":{"type":"string"},"FamilyName":{"type":"string"},"GivenName":{"type":"string"},"ProvisionSiteLogicApp":{"type":"string"},"ProvisioningListGUID":{"type":"string"},"ProvisioningSiteAddress":{"type":"string"},"SiteTitle":{"type":"string"},"SiteURLAlias":{"type":"string"},"SitesListItemID":{"type":"integer"}}}}}},"actions":{"Start_and_wait_for_an_approval":{"runAfter":{},"metadata":{"operationMetadataId":"d5b5abdf-6e0f-44f9-a953-3082d5e9bfe1"},"type":"OpenApiConnectionWebhook","inputs":{"host":{"apiId":"/providers/Microsoft.PowerApps/apis/shared_approvals","connectionName":"shared_approvals","operationId":"StartAndWaitForAnApproval"},"parameters":{"approvalType":"Basic","WebhookApprovalCreationInput/title":"Approve the Team / Site Request for @{triggerBody()?['SiteTitle']}","WebhookApprovalCreationInput/assignedTo":"@{triggerBody()?['Approver']};","WebhookApprovalCreationInput/details":"Approval Request was made by @{triggerBody()?['GivenName']} @{triggerBody()?['FamilyName']} for Team / Site @{triggerBody()?['SiteTitle']} at @{triggerBody()?['SiteURLAlias']}","WebhookApprovalCreationInput/enableNotifications":true,"WebhookApprovalCreationInput/enableReassignment":true},"authentication":"@parameters('$authentication')"}},"Condition":{"actions":{"Set_content_approval_status_approved":{"runAfter":{},"metadata":{"operationMetadataId":"9a6b4802-6a2f-4c42-9a9f-d4628180950e"},"type":"OpenApiConnection","inputs":{"host":{"apiId":"/providers/Microsoft.PowerApps/apis/shared_sharepointonline","connectionName":"shared_sharepointonline","operationId":"SetApprovalStatus"},"parameters":{"dataset":"@triggerBody()?['ProvisioningSiteAddress']","table":"@triggerBody()?['ProvisioningListGUID']","id":"@triggerBody()?['SitesListItemID']","approvalAction":"Approve","comments":"@outputs('Start_and_wait_for_an_approval')?['body/responseSummary']","entityTag":""},"authentication":"@parameters('$authentication')"}},"HTTP_POST_to_CreateSite-ProvisionSite_Logic_App":{"runAfter":{"Set_content_approval_status_approved":["Succeeded"]},"metadata":{"operationMetadataId":"99c3f7fb-f3ff-4528-b054-3977fdc5c800"},"type":"Http","inputs":{"method":"POST","uri":"@triggerBody()?['ProvisionSiteLogicApp']","body":{"ListItemId":"@triggerBody()?['SitesListItemID']"}}}},"runAfter":{"Start_and_wait_for_an_approval":["Succeeded"]},"else":{"actions":{"Set_content_approval_status_rejected":{"runAfter":{},"metadata":{"operationMetadataId":"0da1c381-067f-4433-82f7-b480d8dacc4a"},"type":"OpenApiConnection","inputs":{"host":{"apiId":"/providers/Microsoft.PowerApps/apis/shared_sharepointonline","connectionName":"shared_sharepointonline","operationId":"SetApprovalStatus"},"parameters":{"dataset":"@triggerBody()?['ProvisioningSiteAddress']","table":"@triggerBody()?['ProvisioningListGUID']","id":"@triggerBody()?['SitesListItemID']","approvalAction":"Reject","comments":"@outputs('Start_and_wait_for_an_approval')?['body/responseSummary']","entityTag":""},"authentication":"@parameters('$authentication')"}}}},"expression":{"equals":["@outputs('Start_and_wait_for_an_approval')?['body/outcome']","Approve"]},"metadata":{"operationMetadataId":"461ea2b2-c944-4c96-a7d0-3efcf1f3be34"},"type":"If"}},"outputs":{}},"connectionReferences":{"shared_approvals":{"connectionName":"shared-approvals-b9bc9d35-cc75-41cd-b784-7b9e1f54234e","source":"Embedded","id":"/providers/Microsoft.PowerApps/apis/shared_approvals","tier":"NotSpecified"},"shared_sharepointonline":{"connectionName":"67cf2db4aaf44b0687d039f1f78eeb8b","source":"Embedded","id":"/providers/Microsoft.PowerApps/apis/shared_sharepointonline","tier":"NotSpecified"}},"flowFailureAlertSubscribed":false,"isManaged":false}}